<?xml version="1.0" encoding="UTF-8" standalone="yes"?>
	<addon id="plugin.video.iittaa.cattolica" name="TV Cattolica" version="1.0" provider-name="Iittaalliia">
		<requires>
			<import addon="xbmc.python" />
		</requires>
		<extension point="xbmc.python.pluginsource" library="default.py">
			<provides>video</provides>
		</extension>
		<extension point="xbmc.addon.metadata">
			<summary lang="en">TV Cattolica</summary>
			<description lang="en">TV Cattolica</description>
			<platform>all</platform>
		</extension>
	</addon>